{
  "version": 1,
  "timestamp": "2026-02-04T15:30:39.219Z",
  "type": "EVERYTHING",
  "user": {
    "id": "dev-admin"
  },
  "journals": [
    {
      "id": "cml7tx2lg00000hrvln6qtxmq",
      "title": "MyDiary2026",
      "description": "All memories of my 2026",
      "color": "#0EA5E9",
      "icon": "📘",
      "coverImage": null,
      "userId": "dev-admin",
      "createdAt": "2026-02-04T09:32:34.276Z",
      "updatedAt": "2026-02-04T10:08:41.885Z",
      "entries": [
        {
          "id": "cml7tyev000010hrv04uupx59",
          "title": "JAN D1 เดินทางไปเพชรบูรณ์",
          "content": {
            "type": "doc",
            "content": [
              {
                "type": "codeBlock",
                "attrs": {
                  "language": "json"
                },
                "content": [
                  {
                    "text": "วันนี้ตื่นมาสายๆหน่อย เข้าประชุม PDM ตอน 9 โมง เสร็จแล้วก็กินข้าว อาบน้ำ เตรียมตัวขับรถไปหาญาติโอ้ที่เพชรบูรณ์ ก็ขับรถไปพักนึงที่อำเภอบึงสามพัน ถึงเที่ยงๆพอดี (แวะไปบ้านเค้าก่อนแต่ไม่มีใครอยู่) เป็นร้านไก่ย่างวิเชียร ก็กินข้าวเที่ยงกันที่ร้านเลย กลับออกมาบ่ายสามกว่าๆ แวะซื้อของที่โลตัสลำนารายณ์ แล้วก็แวะซื้อของสดในตลาดสด เสร็จแล้วก็กลับท่าหลวงเลย กลับมาเราก็มานั่งเคลียร์ค่าใช้จ่าย พวกค่าประกัน กับต่อโดเมนเนม แล้วก็ไม่ได้ทำอะไรละ วันนี้เป็นวันแรกที่บันทึกผ่านแอป Journey \nที่บ้านโอ้ก็นั่งทำอะไรกินกัน จนถึงสองทุ่มกว่า เราก็เก็บของกลับบ้านเลย กว่าจะถึงกาญก็เที่ยงคืนกว่าเลย",
                    "type": "text"
                  }
                ]
              },
              {
                "type": "paragraph"
              }
            ]
          },
          "date": "2025-12-31T17:00:00.000Z",
          "locationLat": null,
          "locationLng": null,
          "locationName": null,
          "mood": null,
          "journalId": "cml7tx2lg00000hrvln6qtxmq",
          "createdAt": "2026-02-04T09:33:36.818Z",
          "updatedAt": "2026-02-04T10:01:00.430Z",
          "tags": [],
          "images": []
        }
      ]
    }
  ],
  "tags": []
}